# Screens reachable from the console, for tools/emu/audit.py: which ones are still classic KhiCAS?
s2_f1	{2nd,yequ}
s2_f2	{2nd,window}
s2_f3	{2nd,zoom}
s2_f4	{2nd,trace}
s2_f5	{2nd,graph}
a_f2	{alpha,window}
a_f3	{alpha,zoom}
a_f4	{alpha,trace}
a_f5	{alpha,graph}
apps	{apps}
prgm	{prgm}
vars	{vars}
stat	{stat}
mode	{mode}
s2_prgm	{2nd,prgm}
s2_vars	{2nd,vars}
s2_stat	{2nd,stat}
s2_xton	{2nd,xton}
s2_del	{2nd,del}
s2_1	{2nd,1}
s2_sto	{2nd,sto}
sto	1{sto}
more_plot	{graph}2
more_file	{graph}3
plot_sin	{graph}2{enter}
err_div	1/0{enter}
err_syntax	1+*2{enter}
undef	foo(x{enter}
graph_sin	plot(sin(x{enter}
