# broad coverage: no crash, correct and good-looking results (one fresh state per case)
i_atan	integrate(1/(x^2+1),x)
i_xexp	integrate(x*exp(x),x)
i_ln	integrate(ln(x),x)
i_pfrac	integrate(1/(x^2-1),x)
i_circ	integrate(sqrt(1-x^2),x)
i_sincos	integrate(sin(x)*cos(x),x)
i_def	integrate(x^2,x,0,3)
d_tan	diff(tan(x),x)
d_atan	diff(atan(x),x)
d_xx	diff(x^x,x)
d_lnsqrt	diff(ln(sqrt(x)),x)
d_semi	diff(sqrt(1-x^2),x)
d_pow10	diff((x^2+1)^10,x)
d_quot2	diff((x^2+1)/(x-1),x)
l_e	limit((1+1/n)^n,n,inf)
l_hole	limit((x^2-1)/(x-1),x,1)
s_rad	solve(x^2+x-1,x)
s_cubic	solve(x^3-x,x)
f_quart	factor(x^4-1)
p_frac	partfrac(1/(x^2-1))
t_lin	tlin(sin(x)^2)
t_exp	texpand(sin(2x))
sum_k2	sum(k^2,k,1,n)
ser_sin	series(sin(x),x,0,5)
m_inv	inv([[1,2],[3,4]])
m_det	det([[1,2],[3,4]])
n_2p100	2^100
n_sqrt12	sqrt(12)
n_sq	(1+sqrt(2))^2
n_rat	1/(1+sqrt(2))
n_cos12	cos(pi/12)
n_evalf	evalf(pi)
n_fact	factorial(30)
trig_id	simplify(sin(x)^4-cos(x)^4)
frac_add	1/(x-1)-1/(x+1)
exp_ln	exp(2ln(x))
