# Calc 2 practice, round 2 (other topics), one session
r1	integrate(1/(x*(x-1)^2),x)
r2	integrate((3x+1)/(x^2+2x+5),x)
r3	integrate(1/sqrt(x^2-2x+5),x)
r4	integrate(x^2/(x^2+1),x)
r5	integrate(sec(x)*tan(x),x)
r6	integrate(tan(x),x)
r7	integrate(cot(x),x)
r8	integrate(sin(3x)*cos(5x),x)
r9	integrate(x*sin(x)^2,x)
r10	integrate(e^(sqrt(x)),x)
r11	integrate(ln(x)^2,x)
r12	integrate(x^3*e^(x^2),x)
r13	integrate(1/(x^2+1)^2,x)
r14	integrate(sqrt(4-x^2),x,-2,2)
r15	integrate(x*e^(-x),x,0,inf)
r16	integrate(1/(x*ln(x)^2),x,e,inf)
r17	integrate(1/(1-x),x,0,1)
r18	integrate(1/x^(1/3),x,-1,1)
s1	2*pi*integrate(x^3*sqrt(1+9x^4),x,0,1)
s2	pi*integrate(1-x^2,x,-1,1)
s3	2*pi*integrate(x*(4-x^2),x,0,2)
p1	1/2*integrate((2*sin(t))^2,t,0,pi)
p2	diff(1+cos(t),t)/diff(t-sin(t),t)
q1	sum(x^n/n,n,1,inf)
q2	limit(abs(((n+1)/3^(n+1))/(n/3^n)),n,inf)
q3	series(1/(1+x^2),x,0,8)
q4	series(e^(-x^2),x,0,6)
q5	series(x*cos(x),x,0,7)
q6	taylor(ln(x),x,1,4)
q7	sum((-1)^n*x^(2n+1)/(2n+1)!,n,0,inf)
o1	desolve([y'=3*y,y(0)=2],y)
o2	desolve(y'=x*y,y)
o3	desolve([y''+4y=0,y(0)=1,y'(0)=0],y)
o4	desolve(y'+y=e^x,y)
v1	solve(x^2+2x-8=0,x)
v2	solve(sin(x)=1/2,x)
v3	factor(x^4-16)
v4	partfrac((x+1)/(x^3-x))
v5	simplify((x^2-4)/(x-2))
v6	expand((2x-1)^3)
v7	limit((e^x-1-x)/x^2,x,0)
v8	limit(x^(1/x),x,inf)
v9	limit((1+1/x)^(2x),x,inf)
v10	diff(e^(x^2)*sin(x),x)
v11	diff(x^x,x)
v12	diff(atan(x/2),x)
