# Calc 1 review and algebra a student meets in Calc 2 (round 3), one session
a1	solve([x+y=3,x-y=1],[x,y])
a2	solve(x^2<4,x)
a3	solve(abs(x-1)=3,x)
a4	solve(2^x=8,x)
a5	solve(ln(x)=2,x)
a6	solve(e^(2x)-3e^x+2=0,x)
a7	solve(x^3=8,x)
a8	solve(x^2+1=0,x)
a9	solve(cos(x)=0,x)
a10	fsolve(x=cos(x),x,0)
b1	limit(1/x,x,0,1)
b2	limit(1/x,x,0,-1)
b3	limit(1/x,x,0)
b4	limit((3x^2+1)/(5x^2-x),x,inf)
b5	limit(sqrt(x^2+x)-x,x,inf)
b6	limit(sin(x)/x,x,inf)
b7	limit(x*sin(1/x),x,0)
b8	limit((x^2-9)/(x-3),x,3)
c1	f(x):=x^3-3x+1
c2	f'(x)
c3	solve(f'(x)=0,x)
c4	f(2)
c5	f''(1)
c6	diff(f(x),x,2)
d1	tangent(x^2,x=1)
d2	diff(x^2,x)|x=1
d3	subs(diff(x^3,x),x,2)
e1	sum(1/n,n,1,10)
e2	sum((k/4)^2*1/4,k,1,4)
e3	sum(i^2,i,1,n)
e4	product(k,k,1,5)
g1	(1/(2-0))*integrate(x^2,x,0,2)
g2	integrate(abs(x),x,-1,2)
g3	integrate(2x,x,1,t)
g4	diff(integrate(sin(t^2),t,0,x),x)
h1	2/3+1/6
h2	sqrt(50)
h3	(2+3i)^2
h4	exact(0.25)
h5	approx(pi)
h6	gcd(84,36)
h7	30!
h8	1e10*3
