# edge cases a student hits: missing pieces, limits that do not exist, TI functions
e_noclose	integrate(x^2
e_plusplus	2++3
e_powend	x^
e_diffnov	diff(x^2)
e_intnov	integrate(x^2)
e_lim2s	limit(1/x,x,0)
e_limabs	limit(abs(x)/x,x,0)
e_limr	limit(1/x,x,0,1)
e_div0	1/0
e_ln0	ln(0)
e_tan	tan(π/2)
e_00	0^0
e_fact	5!
e_ncr	nCr(5,2)
e_comb	comb(5,2)
e_round	round(2.567,2)
e_gcd	gcd(12,18)
e_factor	factor(x^2-5x+6)
e_expand	expand((x+1)^3)
e_pyth	simplify(sin(x)^2+cos(x)^2)
e_pf	partfrac(1/(x^2-1))
e_trig	solve(sin(x)=1/2,x)
e_exp	solve(e^x=5,x)
e_cubic	solve(x^3-x=0,x)
e_fsolve	fsolve(cos(x)=x,x)
e_undefvar	y+1
e_unknownf	foo(3)
e_bigint	2^100
e_float	0.1+0.2
e_sci	6.02E23*2
e_deg	sin(30)
e_abs	abs(-3)
e_emptyint	integrate(,x)
e_limtan	limit(tan(x),x,π/2)
e_limfloor	limit(floor(x),x,1)
e_limx2	limit(1/x^2,x,0)
e_limsin	limit(sin(x)/x,x,0)
