# Editing as a student does it (2026-10-06 night): observe the edit line (| = caret) and the screen
# fractions
a1	1/2{up}3
a2	1/2{up}{down}5
a3	(x+1)/(x-1)
a4	x/(x{sq}+1)
a5	1/(1+1/x)
a6	{(-)}1/2
a7	3x/4{right}+1
a8	1/2{left}{left}{left}{left}
a9	1/2{right}{left}{left}
# powers
b1	{2nd,ln}2x{right}+1
b2	x^2{right}+3x
b3	2^{(-)}x{right}-1
b4	x^(1/2)+1
b5	x{sq}{left}{left}{left}
b6	e^x{right}+1
# roots
c1	{2nd,sq}x{sq}+1{right}+2
c2	{2nd,sq}2{right}/2
c3	{2nd,sq}x{right}{right}+1
# functions
d1	{sin}x{right}+1
d2	{sin}x){sq}
d3	{ln}x{right}/x
d4	{sin}{sin}x
d5	{2nd,sin}x{right}
# templates
e1	{window}1x{sq}{right}{right}{right}+1
e2	{window}3x^3{right}{right}{right}+1
e3	{window}4{sin}x{right}/x{right}{right}{right}0
e4	{window}5{left}{left}{left}
e5	{window}6{sin}x
e6	{window}1{left}
e7	{yequ}1x{sq}=4
# delete
f1	1/2{del}{del}
f2	x{sq}{del}{del}
f3	{2nd,sq}x{del}{del}
f4	(x+1){left}{del}
f5	{sin}x{right}{del}
f6	1/2{up}{del}
f7	x{sq}{right}{left}{del}
# editing in the middle
g1	x+3{left}{left}2
g2	1/x{left}{left}{left}{left}2
g3	x{sq}+1{left}{left}{left}{left}{left}3
# clear, long
h1	1+2{clear}
h2	1+2+3+4+5+6+7+8+9+10+11+12+13+14+15+16+17+18+19+20+21+22
h3	1+2+3+4+5+6+7+8+9+10+11+12+13+14+15+16+17+18+19+20+21+22{left}{left}{left}{left}{left}{left}{left}{left}{left}{left}{left}{left}{left}{left}{left}{left}{left}{left}{left}{left}{left}{left}{left}{left}{left}{left}{left}{left}{left}{left}{left}{left}{left}{left}{left}{left}{left}{left}{left}{left}
# history
j1	2+3{enter}{up}{enter}
j2	2+3{enter}{up}{up}{enter}
j3	2+3{enter}{up}{left}
