# overnight 2026-10-06: CAS output fixes (sec/csc table, sums, exact definite integrals, simplification)
sec	integrate(sec(x),x)
csc	integrate(csc(x),x)
sec3	integrate(sec(x)^3,x)
q1	integrate(sqrt(1-x^2),x,0,1)
arc1	integrate(sqrt(1+(3/2*sqrt(x))^2),x,0,4)
arc2	integrate(sqrt((diff(t^2,t))^2+(diff(t^3,t))^2),t,0,1)
arc3	integrate(sqrt(1+cos(x)^2),x,0,pi)
z2	sum(1/n^2,n,1,inf)
lh	sum((-1)^n/n,n,1,inf)
ee	sum(1/n!,n,0,inf)
z3	sum(1/n^3,n,1,inf)
harm	sum(1/n,n,1,inf)
osc	sum((-1)^n,n,0,inf)
nth	sum(n/(n+1),n,1,inf)
p12	sum(1/sqrt(n),n,1,inf)
p32	sum(1/n^(3/2),n,1,inf)
tel	sum(1/(n^2-1),n,2,inf)
lsin	limit(sin(x),x,inf)
dsec	diff(ln(sec(x)+tan(x)),x)
dexp	diff(x^2*e^(3x),x)
dsec2	diff(sec(x)^2,x)
tsub	integrate(1/(x^2*sqrt(4-x^2)),x)
pf	integrate(1/(x^2-4),x)
ex1	integrate(1/(e^x+1),x)
imp	integrate(e^(-x),x,0,inf)
