# graph view screens (audit.py: name, keys, text pasted first)
g_plot	{enter}{run:4000}	plot(sin(x))
g_menu	{enter}{run:4000}{window}	plot(sin(x))
g_study	{enter}{run:4000}{window}{enter}	plot(sin(x))
g_root	{enter}{run:4000}{window}{enter}{down}{down}{down}{enter}{run:3000}	plot(sin(x))
g_xmin	{enter}{run:4000}{window}{down}{enter}	plot(sin(x))
g_trace	{enter}{run:4000}{trace}{right}{right}{right}	plot(sin(x))
g_zoom	{enter}{run:4000}{zoom}	plot(sin(x))
g_yequ	{enter}{run:4000}{yequ}	plot(sin(x))
g_graph	{enter}{run:4000}{graph}	plot(sin(x))
g_xmin2	{enter}{run:4000}{window}{down}{enter}{(-)}3{enter}{run:3000}	plot(sin(x))
g_axes	{enter}{run:4000}{window}{down}{down}{down}{down}{down}{down}{down}{down}{down}{down}	plot(sin(x))
